Name,Weight,Height,BMI
sarupya,56.0,1.72,18.92915089237426
saru,55.0,1.73,18.376825152861
saru,34.0,1.76,10.976239669421489,Underweight
munny,56.0,1.69,19.607156612163443,Normal weight